<measure xmlns:xsi="http://www.w3.org/2001/XMLSchema-instance" xsi:noNamespaceSchemaLocation="http://bcl.nrel.gov/xsd/measures/version/1.0.xsd">
 <schema_version/>
 <name>view_model</name>
 <uid>f4669f10-fda5-489d-8e1c-7ca3c2d40378</uid>
 <version_id>78db3ab6-ad89-4d66-9140-e6f1c1a2a5d0</version_id>
 <xml_checksum/>
 <class_name/>
 <display_name/>
 <description>Visualize an OpenStudio model in a web based viewer</description>
 <modeler_description>Converts the OpenStudio model to vA3C JSON format and renders using Three.js</modeler_description>
 <tags>
  <tag>Reporting.QAQC</tag>
 </tags>
 <attributes>
  <attribute>
   <name>Measure Type</name>
   <value>ModelMeasure</value>
   <datatype>string</datatype>
  </attribute>
  <attribute>
   <name>Uses SketchUp API</name>
   <value>false</value>
   <datatype>boolean</datatype>
  </attribute>
 </attributes>
 <files>
  <file>
   <filename>SimpleModel.osm</filename>
   <filetype>osm</filetype>
  </file>
  <file>
   <filename>ExampleModel.osm</filename>
   <filetype>osm</filetype>
  </file>
  <file>
   <filename>ViewModel_Test.rb</filename>
   <filetype>rb</filetype>
  </file>
  <file>
   <version>
    <software_program>OpenStudio</software_program>
    <identifier>1.6.3</identifier>
    <min_compatible>1.8.0</min_compatible>
   </version>
   <filename>measure.rb</filename>
   <filetype>rb</filetype>
   <usage_type>script</usage_type>
   <checksum>B4E96F41</checksum>
  </file>
  <file>
   <filename>va3c.rb</filename>
   <filetype>rb</filetype>
   <usage_type>script</usage_type>
   <checksum>B4E96F41</checksum>
  </file>
  <file>
   <filename>report.html.in</filename>
   <filetype>in</filetype>
   <usage_type>resource</usage_type>
   <checksum>0F283C1C</checksum>
  </file>
 </files>
</measure>
